abs_time,mu,sigma,value
0.07958745081631101,0.01,0.09999999999999999,9.999999999999998
0.2051805271128948,0.02,0.14070529413628968,7.035264706814484
0.2975028416933017,0.03,0.1714466079977653,5.7148869332588434
0.3762229569250288,0.04,0.19694638556693236,4.923659639173309
0.4313278060345787,0.05,0.2190429135575903,4.380858271151806
0.5351437355289397,0.06,0.27779797906341425,4.629966317723571
0.5926956554458036,0.07,0.3258245174347936,4.6546359633541945
0.8150480967490693,0.08,0.39389277113386467,4.923659639173309
1.0751588205859304,0.08,0.39389277113386467,4.923659639173309
1.1465393149544507,0.09,0.4043950463783571,4.493278293092857
1.1948995250446761,0.1,0.4143877070053741,4.14387707005374
1.351789139041593,0.11,0.4239067936433311,3.853698124030283
1.4270565499952519,0.12,0.477366513151884,3.9780542762657003
1.5109998346691342,0.13,0.4852365870939097,3.732589131491613
1.5930729740069451,0.13,0.4852365870939097,3.732589131491613
1.7708252500616783,0.14,0.4927760980691767,3.5198292719226907
1.778193785552963,0.15,0.5000000000000001,3.3333333333333344
1.787309888464863,0.16,0.5069217858503391,3.1682611615646192
1.7893524471332856,0.17,0.5135536717202729,3.0209039512957228
1.803565481326452,0.17,0.5135536717202729,3.0209039512957228
1.9681012150947743,0.18,0.5199067515459194,2.888370841921774
2.118679638281296,0.19,0.5259911279353167,2.7683743575542983
2.129736629525061,0.19,0.5259911279353167,2.7683743575542983
2.3101341215578794,0.19,0.5259911279353167,2.7683743575542983
2.322711066375851,0.2,0.5318160234783104,2.6590801173915515
2.3530216439624723,0.2,0.5318160234783104,2.6590801173915515
2.519721529487442,0.2,0.5318160234783104,2.6590801173915515
2.707233250192536,0.21,0.5373898759633259,2.558999409349171
2.7204234119236097,0.21,0.5373898759633259,2.558999409349171
2.737084108081166,0.21,0.5373898759633259,2.558999409349171
2.8677572060875507,0.22,0.5427204202399746,2.4669110010907933
2.9174499029156435,0.21,0.5373898759633259,2.558999409349171
2.9226003494079302,0.21,0.5373898759633259,2.558999409349171
2.9296501519488474,0.22,0.5427204202399746,2.4669110010907933
3.0813037496368625,0.23,0.5659532050470518,2.460666108900225
3.093891190819917,0.24,0.5706632681858591,2.37776361744108
3.196034379459124,0.25,0.5751591786697668,2.3006367146790674
3.2115073477318887,0.26,0.5794459213400124,2.2286381590000475
3.275262897103537,0.25,0.5751591786697668,2.3006367146790674
3.381273934416702,0.25,0.5751591786697668,2.3006367146790674
3.4723965732856685,0.25,0.5751591786697668,2.3006367146790674
3.5009493927010413,0.26,0.5966234959835189,2.294705753782765
3.530746703714495,0.25,0.5924610544247622,2.3698442176990486
3.5747321205321474,0.26,0.5966234959835189,2.294705753782765
3.628288692362223,0.27,0.6005889365506749,2.2244034687062033
3.6327589113896663,0.26,0.5966234959835189,2.294705753782765
3.645324614517274,0.26,0.5966234959835189,2.294705753782765
3.6493033039897815,0.26,0.5966234959835189,2.294705753782765
3.6590167276712684,0.27,0.6490863820117714,2.4040236370806345
3.773688647402513,0.27,0.6490863820117714,2.4040236370806345
3.807842211543942,0.28,0.6678776879493775,2.3852774569620623
3.8687504531742505,0.29,0.6711214796175431,2.3142119986811833
3.952783923861012,0.3,0.7177405625652735,2.392468541884245
3.95468078102725,0.31,0.7343656645656367,2.368921498598828
4.050818873946736,0.32,0.7504880566886613,2.3452751771520663
4.145518541731113,0.33,0.7528397417562895,2.281332550776635
4.183762334874835,0.33,0.7528397417562895,2.281332550776635
4.241473339004037,0.34,0.7550503361372738,2.2207362827566874
4.3417268775741835,0.34,0.7550503361372738,2.2207362827566874
4.52926484687814,0.35,0.8087276451565163,2.310650414732904
4.643778742743177,0.36,0.8229044398784813,2.2858456663291147
4.688330592016301,0.37,0.8245598764789551,2.2285402066998787
4.74578383289205,0.38,0.8501930856154284,2.237350225303759
4.865394613005387,0.39,0.8633385983225443,2.2136887136475494
4.871606142597918,0.4,0.9101004495564368,2.275251123891092
4.975957643199289,0.4,0.9101004495564368,2.275251123891092
4.981497390603722,0.41,0.9330627313348552,2.2757627593533054
5.057821409038886,0.41,0.9330627313348552,2.2757627593533054
5.09255713393316,0.42,0.9339824582524194,2.2237677577438557
5.1161778044665605,0.43,0.9347932305266142,2.173937745410731
5.129980673229806,0.44,0.9673456340716983,2.1985128047084053
5.167876869843454,0.45,0.967919772950572,2.1509328287790486
5.200153814538132,0.45,0.967919772950572,2.1509328287790486
5.213087075478092,0.46,1.0192094381371668,2.215672691602536
5.247773916428757,0.46,1.0192094381371668,2.215672691602536
5.291850311325841,0.46,1.0192094381371668,2.215672691602536
5.297529853543183,0.47,1.0294158390548351,2.190246466074117
5.355262284636142,0.48,1.0394248603934968,2.1654684591531184
5.357346126643677,0.48,1.0394248603934968,2.1654684591531184
5.364298665055907,0.48,1.0394248603934968,2.1654684591531184
5.378348705901916,0.48,1.0394248603934968,2.1654684591531184
5.398005959787576,0.48,1.0394248603934968,2.1654684591531184
5.43976318230866,0.48,1.0394248603934968,2.1654684591531184
5.483822993083427,0.48,1.0394248603934968,2.1654684591531184
5.591379519250669,0.48,1.0394248603934968,2.1654684591531184
5.726258264344183,0.48,1.0394248603934968,2.1654684591531184
5.800712022697047,0.49,1.0395706184319902,2.121572690677531
5.811475533950576,0.5,1.0963668190985179,2.1927336381970357
5.8349056855138715,0.51,1.1054959123041623,2.1676390437336517
5.852497040857331,0.52,1.1053588475324119,2.1256900914084844
5.872440138097468,0.52,1.1053588475324119,2.1256900914084844
5.958371313347973,0.53,1.1673591018736578,2.2025643431578446
5.978417434383328,0.53,1.1673591018736578,2.2025643431578446
5.9875793668387,0.54,1.1842399429272101,2.1930369313466853
6.048472556595354,0.54,1.1842399429272101,2.1930369313466853
6.050373524946119,0.55,1.1838560518556096,2.152465548828381
6.078401226316405,0.56,1.1918917990346525,2.1283782125618793
6.091427569143116,0.56,1.1918917990346525,2.1283782125618793
6.095713971593725,0.57,1.2330056894852637,2.1631678762899367
6.1024058085524695,0.57,1.2330056894852637,2.1631678762899367
6.10740951279784,0.58,1.232391122488262,2.124812280152176
6.127144268441492,0.58,1.232391122488262,2.124812280152176
6.156981908090188,0.58,1.232391122488262,2.124812280152176
6.188991183235988,0.58,1.232391122488262,2.124812280152176
6.209129587362221,0.57,1.1742609969205693,2.0601070121413496
6.214216731777754,0.58,1.1736156685106658,2.023475290535631
6.229087958916583,0.59,1.1814645935696022,2.0024823619823766
6.235951238558423,0.59,1.1814645935696022,2.0024823619823766
6.250976019187087,0.6,1.1806521053804946,1.9677535089674911
6.251028956876602,0.6,1.1806521053804946,1.9677535089674911
6.279424674816894,0.6,1.1806521053804946,1.9677535089674911
6.2815659996045285,0.6,1.1806521053804946,1.9677535089674911
6.296977415743059,0.61,1.1797534411130919,1.9340220346116261
6.299409730719249,0.6,1.1634153830577254,1.9390256384295423
6.328434406322925,0.59,1.1555312740261618,1.9585275830951896
6.385098337044791,0.58,1.1562740578987738,1.9935759618944378
6.452692516409026,0.57,1.1481649830415612,2.014324531651862
6.469010580920863,0.58,1.207551993986933,2.081986196529195
6.4792250695873195,0.59,1.2068407709655182,2.045492832144946
6.550821876065819,0.59,1.2068407709655182,2.045492832144946
6.601852607102647,0.59,1.2068407709655182,2.045492832144946
6.661206962026821,0.6,1.222681272838304,2.0378021213971738
6.671310440307344,0.61,1.2382375875543121,2.029897684515266
6.677642188824537,0.6,1.214391812697811,2.0239863544963517
6.770389331573172,0.6,1.214391812697811,2.0239863544963517
6.937348109690001,0.6,1.214391812697811,2.0239863544963517
6.947305756376299,0.6,1.214391812697811,2.0239863544963517
6.974282774523531,0.6,1.214391812697811,2.0239863544963517
7.001267561576111,0.6,1.214391812697811,2.0239863544963517
7.046213585377804,0.61,1.2218135221171367,2.0029729870772734
7.109447245644342,0.62,1.2695342341651017,2.0476358615566155
7.202517234740887,0.62,1.2695342341651017,2.0476358615566155
7.227868152701157,0.62,1.2695342341651017,2.0476358615566155
7.303087889488442,0.62,1.2695342341651017,2.0476358615566155
7.355093688729329,0.62,1.2695342341651017,2.0476358615566155
7.393655215447606,0.62,1.2695342341651017,2.0476358615566155
7.485639962856295,0.63,1.2922066320051062,2.0511216381033432
7.514321293442645,0.63,1.2922066320051062,2.0511216381033432
7.578487812984639,0.64,1.3522894914502845,2.1129523303910696
7.598354601862393,0.64,1.3522894914502845,2.1129523303910696
7.606529232813886,0.64,1.3522894914502845,2.1129523303910696
7.702378302913172,0.64,1.3522894914502845,2.1129523303910696
7.71291233945331,0.65,1.3512059708858515,2.078778416747464
7.716909969701661,0.66,1.357508115197947,2.056830477572647
7.750150994231324,0.67,1.356279819762482,2.0242982384514656
7.7629566703787765,0.68,1.354975865452812,1.9926115668423703
7.7926133886050994,0.68,1.354975865452812,1.9926115668423703
7.798074279065129,0.69,1.419168913146143,2.0567665407915117
7.810713143237039,0.7,1.4319584667528074,2.0456549525040106
7.82349326980686,0.7,1.4319584667528074,2.0456549525040106
7.848983239016801,0.71,1.4445648745444688,2.0345984148513647
7.902471677641236,0.72,1.4500435381829966,2.0139493585874955
7.90910141729034,0.73,1.4484753391345013,1.9842127933349334
7.96602772333763,0.73,1.4484753391345013,1.9842127933349334
7.970347893241868,0.73,1.4484753391345013,1.9842127933349334
7.984989224765835,0.73,1.4484753391345013,1.9842127933349334
8.02265693271587,0.72,1.4360439485692011,1.9945054841238905
8.027020370003374,0.73,1.441484924610309,1.9746368830278205
8.042630682706974,0.73,1.441484924610309,1.9746368830278205
8.110630124526438,0.74,1.4881348912465746,2.010993096279155
8.111609254325973,0.74,1.4881348912465746,2.010993096279155
8.127950052912887,0.74,1.4881348912465746,2.010993096279155
8.13976922525633,0.73,1.489729146285636,2.040724857925529
8.141471608513623,0.74,1.4881348912465744,2.0109930962791545
8.141767235601456,0.74,1.4881348912465744,2.0109930962791545
8.176778832851774,0.74,1.4881348912465744,2.0109930962791545
8.215547503672367,0.75,1.4932508094081114,1.9910010792108153
8.2168902895415,0.75,1.4932508094081114,1.9910010792108153
8.225412535040391,0.76,1.5050084734148523,1.9802743071248057
8.246865493295042,0.76,1.5050084734148523,1.9802743071248057
8.251707957513904,0.76,1.5050084734148523,1.9802743071248057
8.311202099238935,0.77,1.5099334388968904,1.9609525180479095
8.316258769814263,0.77,1.5099334388968904,1.9609525180479095
8.323159051376779,0.77,1.5099334388968904,1.9609525180479095
8.412318339972995,0.77,1.5099334388968904,1.9609525180479095
8.485336413423473,0.77,1.5099334388968904,1.9609525180479095
8.544177246528669,0.77,1.5099334388968904,1.9609525180479095
8.576127691740053,0.78,1.5280541531469016,1.9590437860857712
8.59899261299459,0.77,1.4692470414082406,1.9081130407899227
8.609745043729427,0.77,1.4692470414082406,1.9081130407899227
8.614483712784297,0.78,1.4742229591663987,1.890029434828716
8.65065424797985,0.78,1.4742229591663987,1.890029434828716
8.67905530376448,0.78,1.4742229591663987,1.890029434828716
8.721050200225353,0.78,1.4742229591663987,1.890029434828716
8.724568304910314,0.79,1.526169033623707,1.9318595362325404
8.72519661565929,0.79,1.526169033623707,1.9318595362325404
8.731011107982537,0.78,1.5280541531469016,1.9590437860857712
8.738701376312237,0.79,1.5327732837552785,1.940219346525669
8.827493183757479,0.79,1.5327732837552785,1.940219346525669
8.864694759533009,0.8,1.530827992765465,1.9135349909568313
8.898860176513189,0.81,1.5419717142920513,1.9036687830766064
8.919095220191194,0.82,1.5529704349140623,1.8938663840415395
8.952921851154088,0.82,1.5529704349140623,1.8938663840415395
8.969075428881945,0.82,1.5529704349140623,1.8938663840415395
8.970904258747925,0.81,1.5419717142920513,1.9036687830766064
8.972378278881523,0.8,1.5374122295716146,1.921765286964518
9.007408124820154,0.81,1.5485085688748346,1.9117389739195487
9.009439370254869,0.82,1.5464524407543712,1.8859176106760625
9.046692891387131,0.82,1.5464524407543712,1.8859176106760625
9.082906805812906,0.82,1.5464524407543712,1.8859176106760625
9.136661171243272,0.82,1.5464524407543712,1.8859176106760625
9.1678411010964,0.82,1.5464524407543712,1.8859176106760625
9.1734676478715,0.82,1.5464524407543712,1.8859176106760625
9.186013478018005,0.83,1.570273089547667,1.8918952886116471
9.186484131475074,0.84,1.5745449879860276,1.8744583190309854
9.203106980798834,0.84,1.5745449879860276,1.8744583190309854
9.221363383809583,0.84,1.5745449879860276,1.8744583190309854
9.299747544893854,0.85,1.6291225871739687,1.9166148084399632
9.311094187953447,0.84,1.618828607544993,1.9271769137440393
9.331219711601895,0.85,1.6229104669815846,1.9093064317430408
9.348810980572418,0.84,1.6063007253319725,1.9122627682523483
9.425439758458296,0.83,1.6021135030851203,1.9302572326326752
9.464095499612732,0.84,1.6063007253319725,1.9122627682523483
9.52203555764253,0.84,1.6063007253319725,1.9122627682523483
9.565463563279065,0.84,1.6063007253319725,1.9122627682523483
9.583558132811842,0.83,1.5957962453163175,1.9226460786943584
9.656963898982491,0.82,1.5915179210204617,1.9408755134395876
9.672426927751326,0.82,1.5915179210204617,1.9408755134395876
9.752202245829304,0.82,1.5915179210204617,1.9408755134395876
9.760981799397907,0.81,1.5935159018010863,1.9673035824704768
9.791609817916981,0.82,1.6476490751211172,2.0093281403916063
9.808931201151491,0.82,1.6476490751211172,2.0093281403916063
9.820211915669725,0.82,1.6476490751211172,2.0093281403916063
9.867365719106404,0.82,1.6476490751211172,2.0093281403916063
9.893409486534642,0.82,1.6476490751211172,2.0093281403916063
9.906051212105178,0.82,1.6476490751211172,2.0093281403916063
9.976947442505177,0.82,1.6476490751211172,2.0093281403916063
9.995710300363633,0.82,1.6476490751211172,2.0093281403916063
10.015184334824596,0.82,1.6476490751211172,2.0093281403916063
10.03739711529947,0.82,1.6476490751211172,2.0093281403916063
10.06156094238437,0.82,1.6476490751211172,2.0093281403916063
10.063041164631047,0.82,1.6476490751211172,2.0093281403916063
10.080632382524096,0.82,1.6476490751211172,2.0093281403916063
10.105874382068832,0.82,1.6476490751211172,2.0093281403916063
10.30710985475421,0.82,1.6476490751211172,2.0093281403916063
10.307818134419954,0.82,1.6476490751211172,2.0093281403916063
10.327619324029852,0.82,1.6476490751211172,2.0093281403916063
10.378833244256342,0.82,1.6476490751211172,2.0093281403916063
10.411102552567408,0.82,1.6476490751211172,2.0093281403916063
10.470364955328392,0.82,1.6476490751211172,2.0093281403916063
10.499034203347627,0.82,1.6476490751211172,2.0093281403916063
10.525052564725193,0.82,1.6476490751211172,2.0093281403916063
10.657710947454706,0.82,1.6476490751211172,2.0093281403916063
10.66443597817598,0.82,1.6476490751211172,2.0093281403916063
10.683938988977815,0.81,1.643444276788565,2.028943551590821
10.777934803460264,0.81,1.643444276788565,2.028943551590821
10.792759967784093,0.81,1.643444276788565,2.028943551590821
10.813236816673173,0.81,1.643444276788565,2.028943551590821
10.86537800791517,0.8,1.6205747826813257,2.025718478351657
10.921275875603413,0.79,1.6161745580289903,2.045790579783532
10.92389698315646,0.78,1.5607560975244004,2.000969355800513
10.940882432553309,0.78,1.5607560975244004,2.000969355800513
10.963883768419972,0.78,1.5607560975244004,2.000969355800513
10.981329037150056,0.78,1.5607560975244004,2.000969355800513
11.031830912257856,0.78,1.5607560975244004,2.000969355800513
11.033163278267223,0.78,1.5607560975244004,2.000969355800513
11.070357967816717,0.77,1.5625348480962433,2.0292660364886275
11.150439207353115,0.77,1.5625348480962433,2.0292660364886275
11.224203111487064,0.77,1.5625348480962433,2.0292660364886275
11.24478084873017,0.77,1.5625348480962433,2.0292660364886275
11.248224423799472,0.76,1.564247003151576,2.058219740988916
11.303749257495685,0.76,1.564247003151576,2.058219740988916
11.31538359683485,0.76,1.564247003151576,2.058219740988916
11.31638846924914,0.76,1.564247003151576,2.058219740988916
11.325468398830509,0.76,1.564247003151576,2.058219740988916
11.33183443058563,0.76,1.564247003151576,2.058219740988916
11.385676714678468,0.76,1.564247003151576,2.058219740988916
11.410573505163017,0.75,1.5134080878613145,2.0178774504817527
11.503243133545272,0.75,1.5134080878613145,2.0178774504817527
11.510514723438995,0.75,1.5134080878613145,2.0178774504817527
11.519244732368232,0.75,1.5134080878613145,2.0178774504817527
11.545317477531675,0.75,1.5134080878613145,2.0178774504817527
11.592470974803849,0.75,1.5134080878613145,2.0178774504817527
11.663255770428982,0.75,1.5134080878613145,2.0178774504817527
11.771413471015874,0.75,1.5134080878613145,2.0178774504817527
11.771992649671489,0.75,1.5134080878613145,2.0178774504817527
11.776589230690282,0.75,1.5134080878613145,2.0178774504817527
11.776749178747963,0.75,1.5134080878613145,2.0178774504817527
11.79244669672511,0.75,1.5134080878613145,2.0178774504817527
11.812203970994076,0.75,1.5134080878613145,2.0178774504817527
11.81874065965058,0.75,1.5134080878613145,2.0178774504817527
11.830733055489485,0.75,1.5134080878613145,2.0178774504817527
11.844923604155909,0.74,1.5150424203148685,2.0473546220471195
11.86202664258463,0.74,1.5150424203148685,2.0473546220471195
11.939954531856516,0.74,1.5150424203148685,2.0473546220471195
11.987585274601448,0.73,1.5099334388968906,2.068401971091631
12.056863544322532,0.72,1.5114378731672848,2.0992192682878956
12.05706769695557,0.72,1.5114378731672848,2.0992192682878956
12.067983530013061,0.72,1.5114378731672848,2.0992192682878956
12.174573466886653,0.72,1.5114378731672848,2.0992192682878956
12.249050178789668,0.72,1.5114378731672848,2.0992192682878956
12.277853168712175,0.72,1.5114378731672848,2.0992192682878956
12.332992768525829,0.72,1.5114378731672848,2.0992192682878956
12.337163492696721,0.72,1.5114378731672848,2.0992192682878956
12.347398671023212,0.72,1.5114378731672848,2.0992192682878956
12.387963611731841,0.72,1.5114378731672848,2.0992192682878956
12.39242194131281,0.72,1.5114378731672848,2.0992192682878956
12.426233055868229,0.72,1.5114378731672848,2.0992192682878956
12.428171033766693,0.72,1.5114378731672848,2.0992192682878956
12.433529544493481,0.72,1.5114378731672848,2.0992192682878956
12.458345708766165,0.71,1.512874045909929,2.1308085153660974
12.46044557389771,0.71,1.512874045909929,2.1308085153660974
12.46406375541749,0.71,1.512874045909929,2.1308085153660974
12.498197246780201,0.7,1.5008415147927021,2.1440593068467173
12.525273903690932,0.7,1.5008415147927021,2.1440593068467173
12.571995775023774,0.7,1.5008415147927021,2.1440593068467173
12.59227985077547,0.7,1.5008415147927021,2.1440593068467173
12.606255737108905,0.7,1.5008415147927021,2.1440593068467173
12.63671285783151,0.69,1.495413864541394,2.1672664703498463
12.702493243232963,0.69,1.495413864541394,2.1672664703498463
12.727577601719307,0.68,1.4898986474918288,2.191027422782101
12.74293394510301,0.68,1.4898986474918288,2.191027422782101
12.758489350652459,0.68,1.4898986474918288,2.191027422782101
12.773046747993398,0.68,1.4898986474918288,2.191027422782101
12.808469160951038,0.68,1.4898986474918288,2.191027422782101
12.839203946474793,0.68,1.4898986474918288,2.191027422782101
12.892858008011395,0.68,1.4898986474918288,2.191027422782101
12.896951837143472,0.67,1.4842948875244815,2.2153655037678828
12.900281876662063,0.67,1.4842948875244815,2.2153655037678828
12.915611502579134,0.67,1.4842948875244815,2.2153655037678828
12.938915512694562,0.67,1.4842948875244815,2.2153655037678828
12.970455036535146,0.67,1.4842948875244815,2.2153655037678828
12.982230915424125,0.67,1.4842948875244815,2.2153655037678828
13.00239619003006,0.66,1.4648749386410382,2.2195074827894516
13.01629808823893,0.66,1.4648749386410382,2.2195074827894516
13.067638887351679,0.66,1.4648749386410382,2.2195074827894516
13.073639295914537,0.66,1.4648749386410382,2.2195074827894516
13.103296558686456,0.66,1.4648749386410382,2.2195074827894516
13.173539827165857,0.66,1.4648749386410382,2.2195074827894516
13.180155564248453,0.66,1.4648749386410382,2.2195074827894516
13.27912478677845,0.66,1.4648749386410382,2.2195074827894516
13.33558583705762,0.66,1.4648749386410382,2.2195074827894516
13.38920159117497,0.66,1.4648749386410382,2.2195074827894516
13.422166840579994,0.66,1.4648749386410382,2.2195074827894516
13.562449233968357,0.66,1.4648749386410382,2.2195074827894516
13.598194421341098,0.66,1.4648749386410382,2.2195074827894516
13.60826652211061,0.66,1.4648749386410382,2.2195074827894516
13.634724319081068,0.66,1.4648749386410382,2.2195074827894516
13.665512678305445,0.66,1.4648749386410382,2.2195074827894516
13.744276863910345,0.66,1.4648749386410382,2.2195074827894516
13.779000163058535,0.66,1.4648749386410382,2.2195074827894516
13.788968458261724,0.66,1.4648749386410382,2.2195074827894516
13.857846336834534,0.65,1.4659433478105146,2.2552974581700225
13.888004141083234,0.65,1.4659433478105146,2.2552974581700225
13.9144393053623,0.65,1.4659433478105146,2.2552974581700225
13.923663800120547,0.65,1.4659433478105146,2.2552974581700225
13.943784235331684,0.64,1.4600401267489782,2.2813126980452783
14.031077765640921,0.64,1.4600401267489782,2.2813126980452783
14.047580467926924,0.64,1.4600401267489782,2.2813126980452783
14.052093897456475,0.64,1.4600401267489782,2.2813126980452783
14.055593189730347,0.64,1.4600401267489782,2.2813126980452783
14.068645344219748,0.64,1.4600401267489782,2.2813126980452783
14.146747788708742,0.64,1.4600401267489782,2.2813126980452783
14.170939302038223,0.64,1.4600401267489782,2.2813126980452783
14.173795846308792,0.64,1.4600401267489782,2.2813126980452783
14.177899736786369,0.64,1.4600401267489782,2.2813126980452783
14.179053309603386,0.63,1.4609738000540748,2.3190060318318646
14.18435711075412,0.63,1.4609738000540748,2.3190060318318646
14.218862491818753,0.63,1.4609738000540748,2.3190060318318646
14.309689616945002,0.63,1.4609738000540748,2.3190060318318646
14.358203566990017,0.63,1.4609738000540748,2.3190060318318646
14.42341517720337,0.74,1.5283185452508177,2.0652953314200238
14.436285324709175,0.74,1.5283185452508177,2.0652953314200238
14.503316092478476,0.74,1.5283185452508177,2.0652953314200238
14.545279541742834,0.74,1.5283185452508177,2.0652953314200238
14.561546077609036,0.74,1.5283185452508177,2.0652953314200238
14.583299088108632,0.73,1.4829332112711313,2.0314153579056593
14.597351328145251,0.73,1.4829332112711313,2.0314153579056593
14.751754140819711,0.73,1.4829332112711313,2.0314153579056593
14.782852438147792,0.72,1.4707930932773392,2.0427681851074158
14.861192498977454,0.72,1.4707930932773392,2.0427681851074158
14.887715556445475,0.72,1.4707930932773392,2.0427681851074158
14.893430828658452,0.72,1.4707930932773392,2.0427681851074158
14.958298510790708,0.72,1.4707930932773392,2.0427681851074158
14.961618408302515,0.71,1.458482676335827,2.054200952585672
15.002530701190533,0.71,1.458482676335827,2.054200952585672
15.092017272931972,0.7,1.4459976109624424,2.065710872803489
15.203336924374597,0.7,1.4459976109624424,2.065710872803489
15.238085451013008,0.7,1.4459976109624424,2.065710872803489
15.254272459682834,0.7,1.4459976109624424,2.065710872803489
15.456863338957032,0.7,1.4459976109624424,2.065710872803489
15.461947986385812,0.69,1.447359141626046,2.0976219443855744
15.47459589686815,0.69,1.447359141626046,2.0976219443855744
15.570192538433037,0.69,1.447359141626046,2.0976219443855744
15.583410909445783,0.69,1.447359141626046,2.0976219443855744
15.610355012015747,0.69,1.447359141626046,2.0976219443855744
15.702020349177992,0.68,1.4416600980757701,2.120088379523191
15.77180379943372,0.68,1.4416600980757701,2.120088379523191
15.827802624090623,0.68,1.4416600980757701,2.120088379523191
15.835367566356108,0.68,1.4416600980757701,2.120088379523191
15.850243147683646,0.68,1.4416600980757701,2.120088379523191
15.870921974954205,0.68,1.4416600980757701,2.120088379523191
15.921136087639695,0.68,1.4416600980757701,2.120088379523191
15.928489406022663,0.67,1.4428857168602065,2.1535607714331437
15.936475708740444,0.67,1.4428857168602065,2.1535607714331437
15.95349840158703,0.67,1.4428857168602065,2.1535607714331437
16.02066380358869,0.67,1.4428857168602065,2.1535607714331437
16.024245871283863,0.67,1.4428857168602065,2.1535607714331437
16.072950806521458,0.67,1.4428857168602065,2.1535607714331437
16.0801183455141,0.67,1.4428857168602065,2.1535607714331437
16.199662202368962,0.67,1.4428857168602065,2.1535607714331437
16.229275898173935,0.67,1.4428857168602065,2.1535607714331437
16.260092109998645,0.67,1.4428857168602065,2.1535607714331437
16.3881255283375,0.67,1.4428857168602065,2.1535607714331437
16.401850562024734,0.67,1.4428857168602065,2.1535607714331437
16.420272789958457,0.67,1.4428857168602065,2.1535607714331437
16.52790111167255,0.67,1.4428857168602065,2.1535607714331437
16.58940280190509,0.67,1.4428857168602065,2.1535607714331437
16.599723778988768,0.67,1.4428857168602065,2.1535607714331437
16.614224625507706,0.67,1.4428857168602065,2.1535607714331437
16.74027076154136,0.67,1.4428857168602065,2.1535607714331437
16.885470306196474,0.67,1.4428857168602065,2.1535607714331437
16.9182826661592,0.66,1.4370283591671058,2.177315695707736
16.936995211651325,0.66,1.4370283591671058,2.177315695707736
16.955429285653814,0.66,1.4370283591671058,2.177315695707736
16.960398832115487,0.66,1.4370283591671058,2.177315695707736
16.9710582170752,0.66,1.4370283591671058,2.177315695707736
16.975334062116538,0.66,1.4370283591671058,2.177315695707736
16.975424252136634,0.71,1.4515404565390855,2.044423178224064
16.98385964903719,0.7,1.4389951600707593,2.0557073715296563
17.00093382208268,0.7,1.4389951600707593,2.0557073715296563
17.084239631038905,0.7,1.4389951600707593,2.0557073715296563
17.096971535619545,0.7,1.4389951600707593,2.0557073715296563
17.122804474374572,0.7,1.4389951600707593,2.0557073715296563
17.12940377622784,0.7,1.4389951600707593,2.0557073715296563
17.15405655544217,0.7,1.4389951600707593,2.0557073715296563
17.155234878904402,0.7,1.4389951600707593,2.0557073715296563
17.19986016180072,0.7,1.4389951600707593,2.0557073715296563
17.265811877649615,0.7,1.4389951600707593,2.0557073715296563
17.301283767241763,0.7,1.4389951600707593,2.0557073715296563
17.33078999846169,0.7,1.4389951600707593,2.0557073715296563
17.349619495951586,0.7,1.4389951600707593,2.0557073715296563
17.423232606614548,0.7,1.4389951600707593,2.0557073715296563
17.423580304843036,0.69,1.4403633099487314,2.0874830578967125
17.428819612145855,0.69,1.4403633099487314,2.0874830578967125
17.451133532890267,0.69,1.4403633099487314,2.0874830578967125
17.45300307996727,0.69,1.4403633099487314,2.0874830578967125
17.45500193087117,0.68,1.4275782983709855,2.0993798505455668
17.610844352610165,0.68,1.4275782983709855,2.0993798505455668
17.628161592966226,0.68,1.4275782983709855,2.0993798505455668
17.636194923814116,0.68,1.4275782983709855,2.0993798505455668
17.678560634277417,0.68,1.4275782983709855,2.0993798505455668
17.76914070135831,0.68,1.4275782983709855,2.0993798505455668
17.864706671644424,0.68,1.4275782983709855,2.0993798505455668
17.867508935616897,0.68,1.4275782983709855,2.0993798505455668
17.883041120527253,0.67,1.4288159963813225,2.1325611886288396
17.909643466624093,0.67,1.4288159963813225,2.1325611886288396
17.939738924623953,0.66,1.4229007219923897,2.155910184836954
17.941782521653764,0.66,1.4229007219923897,2.155910184836954
18.00979434142937,0.66,1.4229007219923897,2.155910184836954
18.01003268193909,0.65,1.4240006242195888,2.1907701911070596
18.01634269507667,0.65,1.4240006242195888,2.1907701911070596
18.063662202861888,0.65,1.4240006242195888,2.1907701911070596
18.065275247467863,0.64,1.4250287964483632,2.2266074944505676
18.06689788390543,0.64,1.4250287964483632,2.2266074944505676
18.074505188301234,0.64,1.4250287964483632,2.2266074944505676
18.07810898980336,0.64,1.4250287964483632,2.2266074944505676
18.08425160858163,0.65,1.4310764472870758,2.2016560727493473
18.084893618060637,0.65,1.4310764472870758,2.2016560727493473
18.14777900562688,0.64,1.3891353316710975,2.1705239557360896
18.166013375567555,0.63,1.3681440647162058,2.171657245581279
18.182041832493024,0.63,1.3681440647162058,2.171657245581279
18.268134196952545,0.63,1.3681440647162058,2.171657245581279
18.295301004834766,0.63,1.3681440647162058,2.171657245581279
18.389786116288775,0.62,1.3316656236958784,2.1478477801546427
18.416496139443012,0.62,1.3316656236958784,2.1478477801546427
18.451584159338474,0.62,1.3316656236958784,2.1478477801546427
18.532202843367326,0.62,1.3316656236958784,2.1478477801546427
18.567435824604907,0.62,1.3316656236958784,2.1478477801546427
18.579818054429115,0.62,1.3316656236958784,2.1478477801546427
18.658317832377286,0.62,1.3316656236958784,2.1478477801546427
18.662618796247596,0.62,1.3316656236958784,2.1478477801546427
18.708100016335827,0.62,1.3316656236958784,2.1478477801546427
18.739326762941115,0.62,1.3316656236958784,2.1478477801546427
18.828464620292998,0.62,1.3316656236958784,2.1478477801546427
18.83620737053247,0.62,1.3316656236958784,2.1478477801546427
18.882631690757815,0.62,1.3316656236958784,2.1478477801546427
18.933052583940057,0.62,1.3316656236958784,2.1478477801546427
18.940450174049946,0.61,1.324935675968666,2.1720256983092883
18.95944315862522,0.61,1.324935675968666,2.1720256983092883
18.99683180820659,0.61,1.324935675968666,2.1720256983092883
19.01422309849258,0.61,1.324935675968666,2.1720256983092883
19.01632793651533,0.6,1.2949006435891817,2.158167739315303
19.017820292812434,0.6,1.2949006435891817,2.158167739315303
19.022031874939124,0.62,1.2931833714996617,2.085779631451067
19.047618319616195,0.62,1.2931833714996617,2.085779631451067
19.059115274693536,0.62,1.2931833714996617,2.085779631451067
19.071170776313267,0.62,1.2931833714996617,2.085779631451067
19.09177398121879,0.62,1.2931833714996617,2.085779631451067
19.093359222599513,0.61,1.294081320723881,2.121444788071936
19.380681543014727,0.61,1.294081320723881,2.121444788071936
19.395139124295348,0.61,1.294081320723881,2.121444788071936
19.45507381730035,0.61,1.294081320723881,2.121444788071936
19.470639951581365,0.6,1.2870763988845637,2.145127331474273
19.484553489209794,0.6,1.2870763988845637,2.145127331474273
19.51521628575414,0.6,1.2870763988845637,2.145127331474273
19.58264074404507,0.6,1.2870763988845637,2.145127331474273
19.608442020281675,0.6,1.2870763988845637,2.145127331474273
19.63779278534065,0.6,1.2870763988845637,2.145127331474273
19.6383962574859,0.6,1.2870763988845637,2.145127331474273
19.643770881404926,0.6,1.2870763988845637,2.145127331474273
19.68096948138022,0.6,1.2870763988845637,2.145127331474273
19.70076063734322,0.6,1.2870763988845637,2.145127331474273
19.73812761753346,0.6,1.2870763988845637,2.145127331474273
19.79762412314512,0.59,1.2799542289796257,2.1694139474230947
19.82803009559467,0.59,1.2799542289796257,2.1694139474230947
19.857313428914512,0.59,1.2799542289796257,2.1694139474230947
19.904755058275775,0.59,1.2799542289796257,2.1694139474230947
19.92455183181939,0.59,1.2799542289796257,2.1694139474230947
19.927050667111224,0.59,1.2799542289796257,2.1694139474230947
19.928310240655936,0.59,1.2799542289796257,2.1694139474230947
19.934012434288544,0.59,1.2799542289796257,2.1694139474230947
19.95434714362993,0.59,1.2799542289796257,2.1694139474230947
19.98507850001036,0.59,1.2799542289796257,2.1694139474230947
20.04776628413927,0.59,1.2799542289796257,2.1694139474230947
20.05415991465457,0.58,1.256739407909985,2.1667920826034224
20.108224406896213,0.58,1.256739407909985,2.1667920826034224
20.141928190361085,0.58,1.256739407909985,2.1667920826034224
20.154124191583776,0.58,1.256739407909985,2.1667920826034224
20.18513638752965,0.58,1.256739407909985,2.1667920826034224
20.18595754833704,0.58,1.256739407909985,2.1667920826034224
20.27226962811455,0.58,1.256739407909985,2.1667920826034224
20.385694989657996,0.57,1.2492826224305975,2.1917238990010484
20.412120391782796,0.57,1.2492826224305975,2.1917238990010484
20.503140840876938,0.57,1.2492826224305975,2.1917238990010484
20.577791717004956,0.57,1.2492826224305975,2.1917238990010484
20.597523443449735,0.56,1.2498080660726278,2.231800117986835
20.659449129083853,0.56,1.2498080660726278,2.231800117986835
20.681542859826443,0.56,1.2498080660726278,2.231800117986835
20.876085658937747,0.56,1.2498080660726278,2.231800117986835
20.900534761575898,0.56,1.2498080660726278,2.231800117986835
20.902056510409686,0.56,1.2498080660726278,2.231800117986835
20.91845305530098,0.56,1.2498080660726278,2.231800117986835
20.934636360317008,0.56,1.2498080660726278,2.231800117986835
20.95432228872987,0.56,1.2498080660726278,2.231800117986835
20.974617718775587,0.55,1.2421470496399742,2.258449181163589
21.00932520479949,0.55,1.2421470496399742,2.258449181163589
21.039885694803647,0.55,1.2421470496399742,2.258449181163589
21.041972416125827,0.55,1.2421470496399742,2.258449181163589
21.06155526117592,0.55,1.2421470496399742,2.258449181163589
21.138340828358857,0.55,1.2421470496399742,2.258449181163589
21.172660951689565,0.54,1.234356659817722,2.2858456663291147
21.184010762475545,0.54,1.234356659817722,2.2858456663291147
21.190350839153503,0.54,1.234356659817722,2.2858456663291147
21.222579532768325,0.54,1.234356659817722,2.2858456663291147
21.24395309714128,0.54,1.234356659817722,2.2858456663291147
21.261178463773742,0.54,1.234356659817722,2.2858456663291147
21.27094337199558,0.54,1.234356659817722,2.2858456663291147
21.305383949684686,0.54,1.234356659817722,2.2858456663291147
21.35969356390455,0.54,1.234356659817722,2.2858456663291147
21.37477664255481,0.54,1.234356659817722,2.2858456663291147
21.38222564819536,0.53,1.2346430392398584,2.329515168377091
21.534629310747135,0.53,1.2346430392398584,2.329515168377091
21.537507896158974,0.53,1.2346430392398584,2.329515168377091
21.558665811446584,0.52,1.234847555307328,2.3747068371294766
21.58133785445024,0.52,1.234847555307328,2.3747068371294766
21.636658324005452,0.52,1.234847555307328,2.3747068371294766
21.667936476236072,0.51,1.2349702486908398,2.4215102915506663
21.688050966952257,0.5,1.2185435916898848,2.4370871833797696
21.842740446444342,0.5,1.2185435916898848,2.4370871833797696
21.872955132825965,0.5,1.2185435916898848,2.4370871833797696
21.87469791214362,0.5,1.2185435916898848,2.4370871833797696
21.967972273258866,0.53,1.242797431018207,2.3449008132419
22.034669858095103,0.53,1.242797431018207,2.3449008132419
22.055204635104655,0.53,1.242797431018207,2.3449008132419
22.07378509741517,0.53,1.242797431018207,2.3449008132419
22.092493643743516,0.53,1.242797431018207,2.3449008132419
22.125427247201216,0.53,1.242797431018207,2.3449008132419
22.151571844491148,0.53,1.242797431018207,2.3449008132419
22.243795800118793,0.53,1.242797431018207,2.3449008132419
22.26030094793578,0.53,1.242797431018207,2.3449008132419
22.302247313182363,0.53,1.242797431018207,2.3449008132419
22.334311043827796,0.53,1.242797431018207,2.3449008132419
22.335418170114973,0.53,1.242797431018207,2.3449008132419
22.360523099398826,0.53,1.242797431018207,2.3449008132419
22.441292433641095,0.53,1.242797431018207,2.3449008132419
22.476834428893863,0.53,1.242797431018207,2.3449008132419
22.50110627817912,0.53,1.242797431018207,2.3449008132419
22.563258480522723,0.53,1.242797431018207,2.3449008132419
22.57067153164225,0.52,1.2430006054103533,2.3903857796352947
22.62829784627647,0.51,1.2431224941064878,2.437495086483309
22.682061325156102,0.51,1.2431224941064878,2.437495086483309
22.766254741813018,0.51,1.2431224941064878,2.437495086483309
22.79555429810967,0.51,1.2431224941064878,2.437495086483309
22.81161006674487,0.51,1.2431224941064878,2.437495086483309
22.889637308462298,0.51,1.2431224941064878,2.437495086483309
22.92680509897804,0.51,1.2431224941064878,2.437495086483309
22.956100244453395,0.51,1.2431224941064878,2.437495086483309
22.98009259671188,0.51,1.2431224941064878,2.437495086483309
22.9992921186655,0.51,1.2431224941064878,2.437495086483309
23.053115363772008,0.51,1.2431224941064878,2.437495086483309
23.054918252378823,0.51,1.2431224941064878,2.437495086483309
23.055715138763766,0.51,1.2431224941064878,2.437495086483309
23.078967640188548,0.51,1.2431224941064878,2.437495086483309
23.09847136424055,0.51,1.2431224941064878,2.437495086483309
23.134251477875925,0.51,1.2431224941064878,2.437495086483309
23.15578169359506,0.5,1.2350111437766564,2.470022287553313
23.176152093228726,0.5,1.2350111437766564,2.470022287553313
23.181119125759356,0.5,1.2350111437766564,2.470022287553313
23.185030094906512,0.5,1.2350111437766564,2.470022287553313
23.2434020570343,0.5,1.2350111437766564,2.470022287553313
23.27592365854077,0.5,1.2350111437766564,2.470022287553313
23.289856102322453,0.5,1.2350111437766564,2.470022287553313
23.324899347934878,0.49,1.23497024869084,2.520347446307837
23.339152860386786,0.49,1.23497024869084,2.520347446307837
23.36430222441692,0.49,1.23497024869084,2.520347446307837
23.504212154949812,0.49,1.23497024869084,2.520347446307837
23.518153309584292,0.48,1.2348475553073281,2.5725990735569337
23.563706147948988,0.48,1.2348475553073281,2.5725990735569337
23.57620940677235,0.48,1.2348475553073281,2.5725990735569337
23.649061790218926,0.48,1.2348475553073281,2.5725990735569337
23.663225993312075,0.48,1.2348475553073281,2.5725990735569337
23.789407261116626,0.48,1.2348475553073281,2.5725990735569337
23.83247041358033,0.47,1.2346430392398584,2.6269000834890606
23.839835254280658,0.47,1.2346430392398584,2.6269000834890606
23.843980435984758,0.46,1.2178802581667556,2.6475657786233815
23.88378041675999,0.46,1.2178802581667556,2.6475657786233815
23.923173079303925,0.46,1.2178802581667556,2.6475657786233815
23.94197137593488,0.45,1.2175069742400788,2.7055710538668416
23.943418955261954,0.45,1.2175069742400788,2.7055710538668416
23.953921170922147,0.44,1.1918917990346527,2.708844997806029
23.95906653192681,0.44,1.1918917990346527,2.708844997806029
24.02602059023952,0.44,1.1918917990346527,2.708844997806029
24.069966129726236,0.44,1.1918917990346527,2.708844997806029
24.107570004093965,0.46,1.2178802581667556,2.6475657786233815
24.146715779804353,0.46,1.2178802581667556,2.6475657786233815
24.17342451079274,0.46,1.2178802581667556,2.6475657786233815
24.31024000729431,0.46,1.2178802581667556,2.6475657786233815
24.352029714004413,0.46,1.2178802581667556,2.6475657786233815
24.398483480177237,0.46,1.2178802581667556,2.6475657786233815
24.42028395664187,0.46,1.2178802581667556,2.6475657786233815
24.421738626283794,0.46,1.2178802581667556,2.6475657786233815
24.496985192232916,0.46,1.2178802581667556,2.6475657786233815
24.52050493883229,0.46,1.2178802581667556,2.6475657786233815
24.63352264958588,0.46,1.2178802581667556,2.6475657786233815
24.63508149994344,0.46,1.2178802581667556,2.6475657786233815
24.668343457850245,0.46,1.2178802581667556,2.6475657786233815
24.869130696240948,0.46,1.2178802581667556,2.6475657786233815
24.877841554642394,0.46,1.2178802581667556,2.6475657786233815
24.894696616392746,0.46,1.2178802581667556,2.6475657786233815
24.899254775642117,0.51,1.275210420347017,2.5004125889157196
24.95818073056669,0.51,1.275210420347017,2.5004125889157196
25.005244700149625,0.51,1.275210420347017,2.5004125889157196
25.046002237623778,0.51,1.275210420347017,2.5004125889157196
25.121531708529734,1.01,1.7085347257492045,1.691618540345747
25.139555609541187,1.01,1.7085347257492045,1.691618540345747
25.143663432263104,1.0,1.7056057308448835,1.7056057308448835
25.180490655588176,0.99,1.6966693457143815,1.7138074199135167
25.250629334184456,0.99,1.6966693457143815,1.7138074199135167
25.31996637734122,0.99,1.6966693457143815,1.7138074199135167
25.372851864672846,0.99,1.6966693457143815,1.7138074199135167
25.407403822490508,0.99,1.6966693457143815,1.7138074199135167
25.430265365964285,0.99,1.6966693457143815,1.7138074199135167
25.43495661655232,0.99,1.6966693457143815,1.7138074199135167
25.445525333704445,0.99,1.6966693457143815,1.7138074199135167
25.44718194297571,0.99,1.6966693457143815,1.7138074199135167
25.455266464055768,0.99,1.6966693457143815,1.7138074199135167
25.525484565737138,0.99,1.6966693457143815,1.7138074199135167
25.568575473585035,0.99,1.6966693457143815,1.7138074199135167
25.57533123428865,0.99,1.6966693457143815,1.7138074199135167
25.579246594025292,0.99,1.6966693457143815,1.7138074199135167
25.617373414755598,0.98,1.6816298010795323,1.7159487766117676
25.67321814731859,0.97,1.6844805571673267,1.7365778939869347
25.712437792643087,0.97,1.6844805571673267,1.7365778939869347
25.81652831516498,0.96,1.6812693617224654,1.7513222517942348
25.823278769380508,0.96,1.6812693617224654,1.7513222517942348
25.834176244028697,0.96,1.6812693617224654,1.7513222517942348
25.8559710890147,0.96,1.6812693617224654,1.7513222517942348
25.948523148953676,0.96,1.6812693617224654,1.7513222517942348
25.977061641640784,0.96,1.6812693617224654,1.7513222517942348
26.010152629969483,0.96,1.6812693617224654,1.7513222517942348
26.023184270881647,0.96,1.6812693617224654,1.7513222517942348
26.0984406835539,0.96,1.6812693617224654,1.7513222517942348
26.103249545516203,0.96,1.6812693617224654,1.7513222517942348
26.10504988465798,0.96,1.6812693617224654,1.7513222517942348
26.12416307704617,0.95,1.6719612870681382,1.7599592495454086
26.152304878670787,0.95,1.6719612870681382,1.7599592495454086
26.1634062790702,0.94,1.6625403465902426,1.7686599431811092
26.171530660091783,0.94,1.6625403465902426,1.7686599431811092
26.178381347914716,0.94,1.6625403465902426,1.7686599431811092
26.200027584700777,0.93,1.665181156159378,1.7905173722143848
26.224177829136618,0.92,1.6433520805372355,1.7862522614535168
26.243703640170615,0.91,1.6397523833761851,1.8019256960177858
26.245291081139428,0.9,1.6360830286900712,1.817870031877857
26.3327952574356,0.89,1.6323435467282783,1.8340938727284026
26.37262327338819,0.89,1.6323435467282783,1.8340938727284026
26.39301769482548,0.89,1.6323435467282783,1.8340938727284026
26.397903197652347,0.89,1.6323435467282783,1.8340938727284026
26.44101251490995,0.89,1.6323435467282783,1.8340938727284026
26.463435238696945,0.89,1.6323435467282783,1.8340938727284026
26.47679722307209,0.88,1.6285334544065138,1.8506061981892201
26.50878256197791,0.88,1.6285334544065138,1.8506061981892201
26.550933058265876,0.88,1.6285334544065138,1.8506061981892201
26.61312994527041,0.87,1.618422976014901,1.8602562942700012
26.73422648637839,0.87,1.618422976014901,1.8602562942700012
26.739823037928108,0.87,1.618422976014901,1.8602562942700012
26.74709841412516,0.87,1.618422976014901,1.8602562942700012
26.749905127151276,0.87,1.618422976014901,1.8602562942700012
26.760088717867394,0.87,1.618422976014901,1.8602562942700012
26.80136170390646,0.87,1.618422976014901,1.8602562942700012
26.82513073088136,0.87,1.618422976014901,1.8602562942700012
26.890899789461066,0.86,1.608186129234619,1.8699838712030452
26.914820315985978,0.86,1.608186129234619,1.8699838712030452
26.92836290041891,0.86,1.608186129234619,1.8699838712030452
27.008713625094284,0.85,1.6104143390551213,1.894605104770731
27.062547075729697,0.84,1.6063007253319725,1.9122627682523483
27.127253793485455,0.84,1.6063007253319725,1.9122627682523483
27.14789571998135,0.84,1.6063007253319725,1.9122627682523483
27.153611504893945,0.84,1.6063007253319725,1.9122627682523483
27.1807828845262,0.84,1.6063007253319725,1.9122627682523483
27.207862446527578,0.84,1.6063007253319725,1.9122627682523483
27.245250076068604,0.84,1.6063007253319725,1.9122627682523483
27.27513335496127,0.83,1.576692613022461,1.899629654243929
27.289067155808773,0.83,1.576692613022461,1.899629654243929
27.2958226122004,0.83,1.576692613022461,1.899629654243929
27.30720240872362,0.83,1.576692613022461,1.899629654243929
27.36993590625897,0.83,1.576692613022461,1.899629654243929
27.39022234128904,0.83,1.576692613022461,1.899629654243929
27.45183157370575,0.83,1.576692613022461,1.899629654243929
27.492244671409914,0.83,1.576692613022461,1.899629654243929
27.5516620751314,0.83,1.576692613022461,1.899629654243929
27.639350383576303,0.83,1.576692613022461,1.899629654243929
27.689126061684735,0.83,1.576692613022461,1.899629654243929
27.735495592605602,0.83,1.576692613022461,1.899629654243929
27.78950045525569,0.82,1.56592503400425,1.9096646756149394
27.869177746325672,0.82,1.56592503400425,1.9096646756149394
27.896041470252467,0.82,1.56592503400425,1.9096646756149394
27.950424819806855,0.82,1.56592503400425,1.9096646756149394
27.984230395141132,0.85,1.5787413475374117,1.8573427618087197
27.995587834946587,0.85,1.5787413475374117,1.8573427618087197
28.025355606628196,0.85,1.5787413475374117,1.8573427618087197
28.033978447225834,0.85,1.5787413475374117,1.8573427618087197
28.05990801374809,0.85,1.5787413475374117,1.8573427618087197
28.11699510245858,0.85,1.5787413475374117,1.8573427618087197
28.133931709676826,0.85,1.5787413475374117,1.8573427618087197
28.14227377048602,0.85,1.5787413475374117,1.8573427618087197
28.184761722691107,0.84,1.5745449879860276,1.8744583190309854
28.202963978652637,0.84,1.5745449879860276,1.8744583190309854
28.23763930909822,0.84,1.5745449879860276,1.8744583190309854
28.242935295823653,0.84,1.5745449879860276,1.8744583190309854
28.249742384887714,0.84,1.5745449879860276,1.8744583190309854
28.297628650322963,0.93,1.640737700554297,1.7642340866175235
28.334060563823183,0.93,1.640737700554297,1.7642340866175235
28.354275410229917,0.92,1.6371939532028696,1.779558644785728
28.35992028587882,0.92,1.6371939532028696,1.779558644785728
28.36462237135601,0.92,1.6371939532028696,1.779558644785728
28.42286041070697,0.92,1.6371939532028696,1.779558644785728
28.42664947971227,0.92,1.6371939532028696,1.779558644785728
28.45917171829764,0.92,1.6371939532028696,1.779558644785728
28.471977041450746,0.92,1.6371939532028696,1.779558644785728
28.485673417162026,0.92,1.6371939532028696,1.779558644785728
28.505162036031567,0.91,1.6211668076363452,1.7815019864135662
28.522850672355826,0.91,1.6211668076363452,1.7815019864135662
28.52418319693721,0.91,1.6211668076363452,1.7815019864135662
28.566836779089417,0.91,1.6211668076363452,1.7815019864135662
28.56833230394121,0.91,1.6211668076363452,1.7815019864135662
28.582870188646684,0.91,1.6211668076363452,1.7815019864135662
28.60412508904559,0.91,1.6211668076363452,1.7815019864135662
28.612421536069107,0.91,1.6211668076363452,1.7815019864135662
28.619249265685458,0.91,1.6211668076363452,1.7815019864135662
28.6341986118414,0.91,1.6211668076363452,1.7815019864135662
28.65169636847721,0.9,1.585922922197518,1.7621365802194644
28.702707261582155,0.9,1.585922922197518,1.7621365802194644
28.72266437429764,0.9,1.585922922197518,1.7621365802194644
28.767366412416155,0.9,1.585922922197518,1.7621365802194644
28.855318016692113,0.9,1.585922922197518,1.7621365802194644
28.87902151364772,0.9,1.585922922197518,1.7621365802194644
28.95620786247022,0.9,1.585922922197518,1.7621365802194644
28.974614308658428,0.9,1.585922922197518,1.7621365802194644
28.98366517017805,0.9,1.585922922197518,1.7621365802194644
28.986546025661536,0.89,1.5820648826547201,1.7776009917468765
29.028039861990816,0.89,1.5820648826547201,1.7776009917468765
29.048744904508332,0.89,1.5820648826547201,1.7776009917468765
29.110379197452726,0.88,1.565279850410466,1.7787271027391658
29.113368270404383,0.88,1.565279850410466,1.7787271027391658
29.117539251943512,0.88,1.565279850410466,1.7787271027391658
29.145828568348158,0.88,1.565279850410466,1.7787271027391658
29.152134459793274,0.87,1.5612414122981582,1.7945303589634003
29.154821050446518,0.87,1.5612414122981582,1.7945303589634003
29.219557960714667,0.87,1.5612414122981582,1.7945303589634003
29.25026207740968,0.86,1.5375436267112566,1.787841426408438
29.26371090560796,0.86,1.5375436267112566,1.787841426408438
29.26553709297662,0.86,1.5375436267112566,1.787841426408438
29.26917758045205,0.85,1.5200677815828019,1.7883150371562375
29.28025959643016,0.85,1.5200677815828019,1.7883150371562375
29.31079236410761,0.84,1.5223586166129708,1.8123316864440129
29.339549497871,0.84,1.5223586166129708,1.8123316864440129
29.38417427068766,0.84,1.5223586166129708,1.8123316864440129
29.418480453134322,0.84,1.5223586166129708,1.8123316864440129
29.447316600685454,0.84,1.5223586166129708,1.8123316864440129
29.452922933426755,0.84,1.5223586166129708,1.8123316864440129
29.461764033440456,0.84,1.5223586166129708,1.8123316864440129
29.47397626201255,0.84,1.5223586166129708,1.8123316864440129
29.476612232157663,0.84,1.5223586166129708,1.8123316864440129
29.48306279703049,0.83,1.524579756635721,1.8368430802840015
29.504708145363747,0.82,1.493284631240471,1.8210788185859403
29.54030552792007,0.81,1.4886438815447454,1.837831952524377
29.54395424550453,0.81,1.4886438815447454,1.837831952524377
29.545580793852935,0.81,1.4886438815447454,1.837831952524377
29.570981932329772,0.81,1.4886438815447454,1.837831952524377
29.58127876852093,0.81,1.4886438815447454,1.837831952524377
29.586312229999123,0.8,1.483920551114581,1.8549006888932262
29.60994686719562,0.8,1.483920551114581,1.8549006888932262
29.624597678653046,0.79,1.485927251913699,1.880920572042657
29.634111505677307,0.78,1.4742229591663987,1.890029434828716
29.66032503194448,0.78,1.4742229591663987,1.890029434828716
29.679900863456403,0.78,1.4742229591663987,1.890029434828716
29.779467805033434,0.78,1.4742229591663987,1.890029434828716
29.8234258380784,0.77,1.455432179210982,1.8901716613129635
29.838816465581324,0.77,1.455432179210982,1.8901716613129635
29.918597666808132,0.77,1.455432179210982,1.8901716613129635
29.962444298496848,0.76,1.4292754398044776,1.880625578690102
30.061784768583756,0.76,1.4292754398044776,1.880625578690102
